{
  "Examples - HTTP Request" : {
    "transaction" : "Examples - HTTP Request",
    "sampleCount" : 400,
    "errorCount" : 258,
    "errorPct" : 64.5,
    "meanResTime" : 5425.425000000001,
    "medianResTime" : 1.0,
    "minResTime" : 0.0,
    "maxResTime" : 90814.0,
    "pct1ResTime" : 14162.200000000006,
    "pct2ResTime" : 44165.39999999996,
    "pct3ResTime" : 90017.56000000001,
    "throughput" : 0.2155592847311814,
    "receivedKBytesPerSec" : 1.9103010115321524,
    "sentKBytesPerSec" : 0.010238013489161141
  },
  "Product 5 - HTTP Request" : {
    "transaction" : "Product 5 - HTTP Request",
    "sampleCount" : 400,
    "errorCount" : 140,
    "errorPct" : 35.0,
    "meanResTime" : 11069.870000000003,
    "medianResTime" : 2823.5,
    "minResTime" : 0.0,
    "maxResTime" : 184293.0,
    "pct1ResTime" : 31671.300000000017,
    "pct2ResTime" : 50146.549999999996,
    "pct3ResTime" : 131088.9600000001,
    "throughput" : 0.35799885798364306,
    "receivedKBytesPerSec" : 4.757369560319228,
    "sentKBytesPerSec" : 0.02976914331768282
  },
  "Personal Loans - HTTP Request" : {
    "transaction" : "Personal Loans - HTTP Request",
    "sampleCount" : 400,
    "errorCount" : 161,
    "errorPct" : 40.25,
    "meanResTime" : 7841.294999999994,
    "medianResTime" : 2928.0,
    "minResTime" : 0.0,
    "maxResTime" : 113381.0,
    "pct1ResTime" : 21707.9,
    "pct2ResTime" : 33192.0,
    "pct3ResTime" : 57856.52000000003,
    "throughput" : 0.3669761804935646,
    "receivedKBytesPerSec" : 2.0726171390835137,
    "sentKBytesPerSec" : 0.03361827934731451
  },
  "Product 9 - HTTP Request" : {
    "transaction" : "Product 9 - HTTP Request",
    "sampleCount" : 400,
    "errorCount" : 141,
    "errorPct" : 35.25,
    "meanResTime" : 10861.862500000007,
    "medianResTime" : 3493.5,
    "minResTime" : 0.0,
    "maxResTime" : 235089.0,
    "pct1ResTime" : 26619.0,
    "pct2ResTime" : 45070.399999999994,
    "pct3ResTime" : 135982.57000000004,
    "throughput" : 0.35975234648467996,
    "receivedKBytesPerSec" : 4.673471942071328,
    "sentKBytesPerSec" : 0.029799895907906996
  },
  "Login - HTTP Request" : {
    "transaction" : "Login - HTTP Request",
    "sampleCount" : 400,
    "errorCount" : 156,
    "errorPct" : 39.0,
    "meanResTime" : 10334.25250000002,
    "medianResTime" : 3897.5,
    "minResTime" : 0.0,
    "maxResTime" : 95819.0,
    "pct1ResTime" : 33190.7,
    "pct2ResTime" : 49604.5,
    "pct3ResTime" : 66651.79000000001,
    "throughput" : 0.36355836384193935,
    "receivedKBytesPerSec" : 2.2441358959009703,
    "sentKBytesPerSec" : 0.028154470949868934
  },
  "Inside - HTTP Request" : {
    "transaction" : "Inside - HTTP Request",
    "sampleCount" : 400,
    "errorCount" : 170,
    "errorPct" : 42.5,
    "meanResTime" : 10003.275000000003,
    "medianResTime" : 3786.0,
    "minResTime" : 0.0,
    "maxResTime" : 179561.0,
    "pct1ResTime" : 25672.20000000002,
    "pct2ResTime" : 42044.24999999999,
    "pct3ResTime" : 125114.38000000018,
    "throughput" : 0.3655448400147315,
    "receivedKBytesPerSec" : 2.1443667084149336,
    "sentKBytesPerSec" : 0.030584037273693472
  },
  "Home Page - HTTP Request" : {
    "transaction" : "Home Page - HTTP Request",
    "sampleCount" : 400,
    "errorCount" : 259,
    "errorPct" : 64.75,
    "meanResTime" : 8221.709999999997,
    "medianResTime" : 1.0,
    "minResTime" : 0.0,
    "maxResTime" : 105298.0,
    "pct1ResTime" : 28013.200000000026,
    "pct2ResTime" : 49802.0,
    "pct3ResTime" : 94391.63000000005,
    "throughput" : 0.212032078333131,
    "receivedKBytesPerSec" : 3.825967697840506,
    "sentKBytesPerSec" : 0.00978060080084516
  },
  "Getting started - HTTP Request" : {
    "transaction" : "Getting started - HTTP Request",
    "sampleCount" : 400,
    "errorCount" : 135,
    "errorPct" : 33.75,
    "meanResTime" : 11002.194999999994,
    "medianResTime" : 6582.0,
    "minResTime" : 0.0,
    "maxResTime" : 68919.0,
    "pct1ResTime" : 28267.600000000002,
    "pct2ResTime" : 43458.94999999999,
    "pct3ResTime" : 62738.20000000003,
    "throughput" : 0.25342744783987947,
    "receivedKBytesPerSec" : 12.982899443433725,
    "sentKBytesPerSec" : 0.02590577939710877
  },
  "Test Practices HTTP Request" : {
    "transaction" : "Test Practices HTTP Request",
    "sampleCount" : 400,
    "errorCount" : 147,
    "errorPct" : 36.75,
    "meanResTime" : 11899.629999999997,
    "medianResTime" : 6476.5,
    "minResTime" : 0.0,
    "maxResTime" : 92082.0,
    "pct1ResTime" : 29845.5,
    "pct2ResTime" : 45156.99999999998,
    "pct3ResTime" : 73390.46000000006,
    "throughput" : 0.2532835040253081,
    "receivedKBytesPerSec" : 12.296228968762545,
    "sentKBytesPerSec" : 0.022997721675305744
  },
  "Inside Investors - HTTP Request" : {
    "transaction" : "Inside Investors - HTTP Request",
    "sampleCount" : 400,
    "errorCount" : 158,
    "errorPct" : 39.5,
    "meanResTime" : 9699.855000000007,
    "medianResTime" : 3600.5,
    "minResTime" : 0.0,
    "maxResTime" : 148710.0,
    "pct1ResTime" : 22550.4,
    "pct2ResTime" : 41575.39999999999,
    "pct3ResTime" : 75222.65000000001,
    "throughput" : 0.3665212188296611,
    "receivedKBytesPerSec" : 2.2011299362390524,
    "sentKBytesPerSec" : 0.03421461260539776
  },
  "Weight Management - HTTP Request" : {
    "transaction" : "Weight Management - HTTP Request",
    "sampleCount" : 400,
    "errorCount" : 218,
    "errorPct" : 54.5,
    "meanResTime" : 11486.947500000011,
    "medianResTime" : 2.0,
    "minResTime" : 0.0,
    "maxResTime" : 243127.0,
    "pct1ResTime" : 27501.00000000004,
    "pct2ResTime" : 43859.34999999998,
    "pct3ResTime" : 168978.80000000028,
    "throughput" : 0.22740206219560102,
    "receivedKBytesPerSec" : 42.76430022309564,
    "sentKBytesPerSec" : 0.015156436274267352
  },
  "Minerals - HTTP Request" : {
    "transaction" : "Minerals - HTTP Request",
    "sampleCount" : 400,
    "errorCount" : 222,
    "errorPct" : 55.5,
    "meanResTime" : 14139.2825,
    "medianResTime" : 1426.0,
    "minResTime" : 0.0,
    "maxResTime" : 330043.0,
    "pct1ResTime" : 31767.70000000004,
    "pct2ResTime" : 60373.39999999998,
    "pct3ResTime" : 223003.36000000002,
    "throughput" : 0.22609382780807122,
    "receivedKBytesPerSec" : 41.34498508610925,
    "sentKBytesPerSec" : 0.015917093795589702
  },
  "Documentations - WebDriver - HTTP Request" : {
    "transaction" : "Documentations - WebDriver - HTTP Request",
    "sampleCount" : 400,
    "errorCount" : 142,
    "errorPct" : 35.5,
    "meanResTime" : 12920.88499999999,
    "medianResTime" : 6829.0,
    "minResTime" : 0.0,
    "maxResTime" : 82742.0,
    "pct1ResTime" : 32682.600000000002,
    "pct2ResTime" : 47497.95,
    "pct3ResTime" : 68794.99,
    "throughput" : 0.24976444091166516,
    "receivedKBytesPerSec" : 12.361699526431009,
    "sentKBytesPerSec" : 0.022339770647558023
  },
  "IE Driver Server - HTTP Request" : {
    "transaction" : "IE Driver Server - HTTP Request",
    "sampleCount" : 400,
    "errorCount" : 136,
    "errorPct" : 34.0,
    "meanResTime" : 14747.872500000003,
    "medianResTime" : 7214.5,
    "minResTime" : 0.0,
    "maxResTime" : 198300.0,
    "pct1ResTime" : 38518.70000000004,
    "pct2ResTime" : 54576.049999999974,
    "pct3ResTime" : 112049.78000000003,
    "throughput" : 0.2535906856141174,
    "receivedKBytesPerSec" : 15.217671199468093,
    "sentKBytesPerSec" : 0.02435362111649639
  },
  "Business - HTTP Request" : {
    "transaction" : "Business - HTTP Request",
    "sampleCount" : 400,
    "errorCount" : 168,
    "errorPct" : 42.0,
    "meanResTime" : 9299.954999999993,
    "medianResTime" : 2706.0,
    "minResTime" : 0.0,
    "maxResTime" : 125837.0,
    "pct1ResTime" : 29819.30000000001,
    "pct2ResTime" : 42047.69999999999,
    "pct3ResTime" : 73509.31000000001,
    "throughput" : 0.3642337069157054,
    "receivedKBytesPerSec" : 2.164776262900703,
    "sentKBytesPerSec" : 0.03115194145671629
  },