{
  "HTTP Request-1" : {
    "transaction" : "HTTP Request-1",
    "sampleCount" : 50,
    "errorCount" : 0,
    "errorPct" : 0.0,
    "meanResTime" : 1931.7599999999998,
    "medianResTime" : 1806.0,
    "minResTime" : 500.0,
    "maxResTime" : 4726.0,
    "pct1ResTime" : 2926.8,
    "pct2ResTime" : 4312.049999999997,
    "pct3ResTime" : 4726.0,
    "throughput" : 0.9467007478935909,
    "receivedKBytesPerSec" : 216.86460478202216,
    "sentKBytesPerSec" : 0.1303562553251917
  },
  "Total" : {
    "transaction" : "Total",
    "sampleCount" : 600,
    "errorCount" : 0,
    "errorPct" : 0.0,
    "meanResTime" : 1095.9066666666674,
    "medianResTime" : 718.0,
    "minResTime" : 149.0,
    "maxResTime" : 9242.0,
    "pct1ResTime" : 2450.8,
    "pct2ResTime" : 2954.699999999998,
    "pct3ResTime" : 4874.82,
    "throughput" : 10.082169682915763,
    "receivedKBytesPerSec" : 652.243404186831,
    "sentKBytesPerSec" : 1.5884668380635512
  },
  "HTTP Request-0" : {
    "transaction" : "HTTP Request-0",
    "sampleCount" : 50,
    "errorCount" : 0,
    "errorPct" : 0.0,
    "meanResTime" : 664.22,
    "medianResTime" : 553.5,
    "minResTime" : 149.0,
    "maxResTime" : 1818.0,
    "pct1ResTime" : 1203.4,
    "pct2ResTime" : 1665.7499999999993,
    "pct3ResTime" : 1818.0,
    "throughput" : 0.9591590093805751,
    "receivedKBytesPerSec" : 0.7085037838822921,
    "sentKBytesPerSec" : 0.1311350208137505
  },
  "HTTP Request" : {
    "transaction" : "HTTP Request",
    "sampleCount" : 500,
    "errorCount" : 0,
    "errorPct" : 0.0,
    "meanResTime" : 1055.4900000000005,
    "medianResTime" : 634.5,
    "minResTime" : 216.0,
    "maxResTime" : 9242.0,
    "pct1ResTime" : 2477.800000000001,
    "pct2ResTime" : 2998.7499999999995,
    "pct3ResTime" : 5127.450000000003,
    "throughput" : 8.40180806909647,
    "receivedKBytesPerSec" : 459.15913917174976,
    "sentKBytesPerSec" : 1.3579094096049469
  }
}